<?xml version="1.0" encoding="UTF-8"?>
<beans xmlns="http://www.springframework.org/schema/beans"
	xmlns:xsi="http://www.w3.org/2001/XMLSchema-instance" 
	xmlns:jaxws="http://cxf.apache.org/jaxws" xmlns:tx="http://www.springframework.org/schema/tx"
	xmlns:cxf="http://cxf.apache.org/core" xmlns:task="http://www.springframework.org/schema/task"
	xmlns:context="http://www.springframework.org/schema/context"
	xsi:schemaLocation="http://www.springframework.org/schema/beans 
	 http://www.springframework.org/schema/beans/spring-beans.xsd http://cxf.apache.org/jaxrs http://cxf.apache.org/schemas/jaxrs.xsd http://cxf.apache.org/jaxws http://cxf.apache.org/schemas/jaxws.xsd http://www.springframework.org/schema/tx http://www.springframework.org/schema/tx/spring-tx-4.1.xsd http://www.springframework.org/schema/context http://www.springframework.org/schema/context/spring-context.xsd http://cxf.apache.org/core http://cxf.apache.org/schemas/core.xsd
	 http://www.springframework.org/schema/task http://www.springframework.org/schema/task/spring-task-4.1.xsd">


	
	
	<import resource="classpath:META-INF/cxf/cxf.xml"/>
<import resource="classpath:META-INF/cxf/cxf-extension-xml.xml"/>
<import resource="classpath:META-INF/cxf/cxf-extension-soap.xml" />

	<task:annotation-driven />

	<context:component-scan base-package="com.smoothexample">
		<context:include-filter type="annotation"
			expression="org.springframework.stereotype.Service" />
		<context:include-filter type="annotation"
			expression="org.springframework.stereotype.Component" />
		<context:include-filter type="annotation"
			expression="org.springframework.stereotype.Repository" />
	</context:component-scan>

	<context:annotation-config />
	<context:component-scan base-package="com.smoothexample" />

	
	<bean
		class="org.springframework.context.annotation.CommonAnnotationBeanPostProcessor" />
		

<bean id="addressSoapService" class="com.smoothexample.cxf.soap.ws.impl.AddressSoapServiceImpl" />

	<jaxws:endpoint id="addressEndpointId"
		implementorClass="com.smoothexample.cxf.soap.ws.impl.AddressSoapServiceImpl"
		implementor="#addressSoapService" address="/addressSoapService">
		
	</jaxws:endpoint>



	




</beans>   