<?xml version="1.0" encoding="UTF-8"?>
<beans xmlns="http://www.springframework.org/schema/beans"
	xmlns:xsi="http://www.w3.org/2001/XMLSchema-instance" xmlns:jaxrs="http://cxf.apache.org/jaxrs"
	xmlns:jaxws="http://cxf.apache.org/jaxws" xmlns:tx="http://www.springframework.org/schema/tx"
	xmlns:cxf="http://cxf.apache.org/core" xmlns:task="http://www.springframework.org/schema/task"
	xmlns:context="http://www.springframework.org/schema/context"
	xsi:schemaLocation="http://www.springframework.org/schema/beans 
	 http://www.springframework.org/schema/beans/spring-beans.xsd http://cxf.apache.org/jaxrs http://cxf.apache.org/schemas/jaxrs.xsd http://cxf.apache.org/jaxws http://cxf.apache.org/schemas/jaxws.xsd http://www.springframework.org/schema/tx http://www.springframework.org/schema/tx/spring-tx-4.1.xsd http://www.springframework.org/schema/context http://www.springframework.org/schema/context/spring-context.xsd http://cxf.apache.org/core http://cxf.apache.org/schemas/core.xsd
	 http://www.springframework.org/schema/task http://www.springframework.org/schema/task/spring-task-4.1.xsd">


	<import resource="classpath:META-INF/cxf/cxf.xml" />
	<import resource="classpath:META-INF/cxf/cxf-servlet.xml" />
	<import resource="classpath:META-INF/cxf/cxf-extension-soap.xml" />

	<task:annotation-driven />

	<context:component-scan base-package="com.lal.pro">
		<context:include-filter type="annotation"
			expression="org.springframework.stereotype.Service" />
		<context:include-filter type="annotation"
			expression="org.springframework.stereotype.Component" />
		<context:include-filter type="annotation"
			expression="org.springframework.stereotype.Repository" />
	</context:component-scan>

	<context:annotation-config />
	<context:component-scan base-package="com.lal.pro" />

	<bean id="addressWebService" class="com.lal.pro.cxf.ws.impl.AddressWebServiceImpl" />

	<jaxrs:server id="systemService" address="/system">
		<jaxrs:serviceBeans>
			<ref bean="addressWebService" />
		</jaxrs:serviceBeans>
		<jaxrs:providers>
			<ref bean="jsonProvider" />
		</jaxrs:providers>
	</jaxrs:server>
	<bean
		class="org.springframework.context.annotation.CommonAnnotationBeanPostProcessor" />



	<bean id="jacksonMapper"
		class="com.lal.pro.cxf.ws.impl.mapper.CustomJacksonObjectMapper" />

	<bean id="jsonProvider" class="com.fasterxml.jackson.jaxrs.json.JacksonJsonProvider">
		<property name="mapper" ref="jacksonMapper" />
	</bean>




</beans>   